{"cameraMode":{"drawMode":0,"name":"Shaded","section":"Shading Mode"},"sceneLighting":false,"audioPlay":false,"sceneViewState":{"showFog":true,"showMaterialUpdate":false,"showSkybox":false,"showFlares":true,"showImageEffects":true,"showParticleSystems":true},"in2DMode":false,"pivot":{"x":-0.5404520034790039,"y":0.42728936672210696,"z":-0.6409739255905151},"rotation":{"x":-0.12687085568904878,"y":-0.48249945044517519,"z":0.07081557810306549,"w":-0.8637920022010803},"size":0.21961522102355958,"orthographic":false}