{"cameraMode":{"drawMode":0,"name":"Shaded","section":"Shading Mode"},"sceneLighting":false,"audioPlay":false,"sceneViewState":{"showFog":true,"showMaterialUpdate":false,"showSkybox":false,"showFlares":true,"showImageEffects":true,"showParticleSystems":true},"in2DMode":false,"pivot":{"x":787.7354736328125,"y":412.70587158203127,"z":-65.51929473876953},"rotation":{"x":0.17921525239944459,"y":-0.2490382194519043,"z":0.04688405245542526,"w":0.9506945013999939},"size":14.159952163696289,"orthographic":false}