{"cameraMode":{"drawMode":0,"name":"Shaded","section":"Shading Mode"},"sceneLighting":false,"audioPlay":false,"sceneViewState":{"showFog":true,"showMaterialUpdate":false,"showSkybox":false,"showFlares":true,"showImageEffects":true,"showParticleSystems":true},"in2DMode":false,"pivot":{"x":-7.667325973510742,"y":1.1917157173156739,"z":4.947136878967285},"rotation":{"x":0.32624107599258425,"y":0.14279845356941224,"z":-0.04982049763202667,"w":0.9331690073013306},"size":2.598076105117798,"orthographic":false}