{"cameraMode":{"drawMode":0,"name":"Shaded","section":"Shading Mode"},"sceneLighting":false,"audioPlay":false,"sceneViewState":{"showFog":true,"showMaterialUpdate":false,"showSkybox":false,"showFlares":true,"showImageEffects":true,"showParticleSystems":true},"in2DMode":false,"pivot":{"x":3.7187442779541017,"y":0.7983862161636353,"z":2.2770423889160158},"rotation":{"x":0.32624107599258425,"y":0.14279845356941224,"z":-0.04982049763202667,"w":0.9331690073013306},"size":2.4247448444366457,"orthographic":false}