{"cameraMode":{"drawMode":0,"name":"Shaded","section":"Shading Mode"},"sceneLighting":false,"audioPlay":false,"sceneViewState":{"showFog":true,"showMaterialUpdate":false,"showSkybox":false,"showFlares":true,"showImageEffects":true,"showParticleSystems":true},"in2DMode":false,"pivot":{"x":6.610000133514404,"y":1.3299999237060547,"z":-0.7699999809265137},"rotation":{"x":0.2020832896232605,"y":0.3357841372489929,"z":-0.07399672269821167,"w":0.9170346260070801},"size":2.598076581954956,"orthographic":false}